{
    "best_f1": 0.7214072416794445,
    "precision_95": 0.7214072416794445,
    "recall_80": 0.46533497904020904
}